Angelo Tomežangelo.tome@mip.hržFErlXQ-(WUfg
Anita Jergovicžanita.jergovic@mip.hrž),=6]4hnZl?b
Antonio Iveljicžantonio.iveljic@mip.hržAntonio#123
Antonio Srncevicžantonio.srncevic@mip.hržD1gy1v.jhEE,
Arhivažarhiva@mip.hržGumshj1haSWc
Baljak sestanovic Gabrijelažgabrijela.baljak.sestanovic@mip.hržG@brijela#123
Barbara Vuracic  žbarbara.vuracic@mip.hrž]?#yqlNKBJQd
Bozidar Putricžbozidar.putric@mip.hržIiF#d%L+Vx%)
Butorac Vanjažvanja.butorac@mip.hržVanj@MIP12
Butorac Vesnažvesna.butorac@mip.hržMipVesn@123
Centralno skladiste - veleprodajažmaloprodaja@mip.hržZH4HF2p6F.e*
Centralno skladiste - WMSžcentralno-wms@mip.hržCentWMS12
Centralno Voditeljižcentralno.voditelji@mip.hržCentr@lno#2019
Ciglaric Marinelažmarinela.ciglaric@mip.hržMaloprod@j@#12345
Darja Jularicždarja.jularic@mip.hrž}oTf4Wt;qP$~
Dumbovic Miroslavžmiroslav.dumbovic@mip.hržmaloprodaja1
Dunaj Borisžboris.dunaj@mip.hržbdunaj12
Đermanovic Brankožbranko.djermanovic@mip.hržodrzavanje123
Đustebek Jelicažjelica.dustebek@mip.hržJelic@#123
Edin Pasalicžedin.pasalic@mip.hržEdin#123
Eugen Priesžeugen.pries@mip.hržEugen#123
Fakturnižfakturni@mip.hržfakture#1
Fernezir Ivanživan.fernezir@mip.hržIvanF12-
Filip Pokasicžfilip.pokasic@mip.hržFilip@2019
Horvacic Igoržigor.horvacic@mip.hržPekar@m!p0246234
Info Mipžinfo@mip.hržrPE9[DjyONZY
Informatikažinformatika@mip.hržInform@tika#2019
Interna kontrolažinterna.kontrola@mip.hrž$C.kuq-){iKL
Ivan Grđanživan.grdan@mip.hržRs9?{6Ef9otj
Ivsic Veražvera.ivsic@mip.hržVer@#123
Jankovic Majažmaja.jankovic@mip.hržM@j@#123
Jerkovic Stanislavažstanislava.jerkovic@mip.hržPravnic@#123
Kablar Marijanažmarijana.kablar@mip.hrž4lwT8xL(QW?D
Kalkulaciježkalkulacije@mip.hržUs#+d{fV;??6
Karas zeljkažzeljka.karas@mip.hržsefica
Kasunic Mariožmario.kasunic@mip.hrž+3eVKhZf1N?s
Kezman Mirjanažmirjana.kezman@mip.hržMirj@n@#1
Komercijalažkomercijala@mip.hržkomercijala1
Kovacevic Mariožmario.kovacevic@mip.hrž9E=#**+6vm+*
Kozic Snjezanažsnjezana.kozic@mip.hržS!loMlin@1
Kunstl Snjezanažsnjezana.kunstl@mip.hržBr@sno123
Laboratorijžlaboratorij@mip.hržAnaliz@ps#123
Lenovo storage eventžlenovo.storage@mip.hržMlinipekare#12345
Liste placažlista.place@mip.hržb?n4Ax2K~lRL
Lugar Daliborkaždaliborka.lugar@mip.hržPek@re#m!P74328
Luka Turalijažluka.turalija@mip.hrž?V.f3)-kd0u6
Maja Cvetnicžmaja.cvetnic@mip.hrž?=njOzOeVwDl
Maja Jandricžmaja.jandric@mip.hržFantaTelefon#2
Marcec Ivanaživana.marcec@mip.hržM**U#pa})8OO
Marijana Antolovicžmarijana.antolovic@mip.hržM@rijana#123
Marina Bunticžmarina.buntic@mip.hržVu#GN]eMzr^{
Mario Srncevicžmario.srncevic@mip.hrž=(vkJD2-t0GR
Martina Lacenžmartina.lacen@mip.hržMartin@#123
Martina skledaržmartina.skledar@mip.hrž!}b$]p1BV%)B
Martinovic Jasenkažjasenka.martinovic@mip.hržDkcLp}rkCR)f
MIP Portažporta@mip.hržPort@123
MIP Report servicežmip-rs@mip.hržMIP-RS12
Mip-transportžtransport.mip.mip@gmail.comžnikolajeseftransporta
Mlin i pekarežmip@mip.hržPekar@m!P0076234
Nadarevic Anitažanita.nadarevic@mip.hržgKyu%Wf,]#_v
Natalija Jablanovicžnatalija.jablanovic@mip.hrž+$ccPhr?_L0W
Obracun placa - Marijanažplace1@mip.hrž*LU4T#C&Q@j9
Obracun Placa - Tanjažplace@mip.hržpM#z+#5m&00#
Pahel Nikolinažnikolina.pahel@mip.hržnikpah123@
Palaic Tomislavžtomislav.palaic@mip.hržPekar@m!P#45812
Pekaražpekara@mip.hržPek@ra#123
Plodinec Josipžjosip.plodinec@mip.hržmALp74PD
Pravna sluzbažpravna.sluzba@mip.hržPravn@#123
Predrag Nikolažnikola.predrag@mip.hržHZmd$vp7#=Lv
Radosevic Suzanažsuzana.radosevic@mip.hržl}SnXKo9ceD1
Ribicic Katicažkatica.ribicic@mip.hržK@t!ca#123
Robic Markožmarko.robic@mip.hržm@rko123
Rozic Matijažmatija.rozic@mip.hrž3Vt&%3NNywq;
saban Sanjažsanja.saban@mip.hržUL+z2tZ)-ckj
Salda Kontižsalda.konti@mip.hržI@pD37H!tk[p
Sanjica Miokovicžsanjica.miokovic@mip.hržtbs?2UcOPO?$
Sever Marijankažmarijanka.sever@mip.hržM@rMip#2468
Sinisa Buhinžsinisa.buhin@mip.hržm9[nB1fWibo_
Sinisa Maljaricžsinisa.maljaric@mip.hržZLfmsgUkUJSK
Skart centralnožskart@mip.hrž]mH8c7ht&&lS
Skladiste pekarežskladiste.pekare@mip.hržzB1p$geAx@1#
Skladiste pekare 2žskladiste.pekare2@mip.hržj#unBdbf[3+X
Skladiste sirovinažskladiste.sirovina@mip.hržSkls!r#001
Skladiste starog kruhažnesukladni.kruh@mip.hrž-?i8W+LXqaW,
skledar Jasnažjasna.skledar@mip.hržJ@sn@#123
snjaric Ivanaživana.snjaric@mip.hržMaloprodaja1
solic Sanjažsanja.solic@mip.hržFIWfQ3)39vHd
Sonja Golic žsonja.golic@mip.hrž]]EWx}y[wu8V
Stojakovic Ivanživan.stojakovic@mip.hržz%ojG=gU}@8.
Tajnistvožured.direktora@mip.hržPekar@a#m!P#145696
Tanja Cikusažtanja.cikusa@mip.hržT@nja#123
Tanja Slacanacžtanja.slacanac@mip.hržiFN{kSsjT11g
Taukovic Marijažmarija.taukovic@mip.hržkq3Bby0(#F13
Tea Bogovicžtea.bogovic@mip.hržSkYvE!ValIKq
Ticaric Gordanažgordana.ticaric@mip.hržs{K9$66,G{4$
Toljan Ivanaživana.toljan@mip.hrž;}a][hWifu7J
Tomislav Jurcicžtomislav.jurcic@mip.hržXTJQSmXDo&ed
Tomislav Naglicžtomislav.naglic@mip.hržLok@ltrg#123456
Una sajtusicžuna.sajtusic@mip.hržh_Q*g9mRN_68
Valentina Maricžvalentina.maric@mip.hržzw5l8AojGP93
Vanja Oreljžvanja.orelj@mip.hržR3(}q2leQb@B
Vasilik Zdravkožzdravko.vasilik@mip.hržKomercij@l@#123
Vocežvoce@mip.hrž%-#@[7xf_P3q
Vukicevic Josipažjosipa.vukicevic@mip.hržJosip@123
Vukovic Mateožmateo.vukovic@mip.hržM@teoMip#123
zeljka Gregoricžzeljka.gregoric@mip.hržzOm*W+p%y16d
zeljko Martinovicžzeljko.martinovic@mip.hržXH9wg+90KIBK
zutinic Ksenijažksenija.zutinic@mip.hržM!Pksenij@#12345%